{
  "version": 1,
  "author": "Anonymous maker",
  "editor": "wokwi",
  "parts": [
    { "type": "board-esp32-devkit-c-v4", "id": "esp", "top": -9.6, "left": -91.16, "attrs": {} },
    { "type": "wokwi-relay-module", "id": "relay1", "top": -57.4, "left": 172.8, "attrs": {} },
    {
      "type": "wokwi-pushbutton",
      "id": "btn1",
      "top": 83,
      "left": 172.8,
      "attrs": { "color": "green", "xray": "1" }
    },
    { "type": "wokwi-led", "id": "led1", "top": 150, "left": 71, "attrs": { "color": "red" } }
  ],
  "connections": [
    [ "esp:TX", "$serialMonitor:RX", "", [] ],
    [ "esp:RX", "$serialMonitor:TX", "", [] ],
    [ "relay1:VCC", "esp:3V3", "red", [ "h-259.2", "v57.6", "h0" ] ],
    [ "relay1:GND", "esp:GND.2", "black", [ "h-163.2", "v-0.4" ] ],
    [ "relay1:IN", "esp:23", "green", [ "h-124.8", "v-0.2" ] ],
    [ "esp:GND.2", "btn1:2.l", "green", [ "v0", "h124.8", "v96" ] ],
    [ "esp:19", "btn1:1.l", "green", [ "h0" ] ],
    [ "esp:GND.2", "led1:C", "green", [ "v0", "h48", "v192", "h28.8" ] ],
    [ "esp:18", "led1:A", "green", [ "h105.6", "v115.2", "h-19.2" ] ]
  ],
  "dependencies": {}
}