{
  "version": 1,
  "author": "Anonymous maker",
  "editor": "wokwi",
  "parts": [
    { "type": "board-esp32-devkit-c-v4", "id": "esp", "top": -9.6, "left": -100.76, "attrs": {} },
    { "type": "wokwi-hc-sr04", "id": "ultrasonic1", "top": 1.5, "left": 159.1, "attrs": {} }
  ],
  "connections": [
    [ "esp:TX", "$serialMonitor:RX", "", [] ],
    [ "esp:RX", "$serialMonitor:TX", "", [] ],
    [ "esp:5V", "ultrasonic1:VCC", "red", [ "h-28.65", "v28.8", "h355.2", "v-19.2" ] ],
    [ "esp:5", "ultrasonic1:TRIG", "green", [ "h19.2", "v19.2", "h220.8", "v-9.6" ] ],
    [ "esp:18", "ultrasonic1:ECHO", "green", [ "h28.8", "v19.2", "h220.8" ] ],
    [ "esp:GND.2", "ultrasonic1:GND", "black", [ "v0", "h96", "v153.6", "h172.8" ] ]
  ],
  "dependencies": {}
}