{
  "version": 1,
  "author": "Anonymous maker",
  "editor": "wokwi",
  "parts": [
    { "type": "wokwi-arduino-uno", "id": "uno", "top": -9, "left": 133.8, "attrs": {} },
    {
      "type": "wokwi-led",
      "id": "led1",
      "top": -195.6,
      "left": 234.2,
      "attrs": { "color": "green" }
    },
    {
      "type": "wokwi-resistor",
      "id": "r1",
      "top": -110.4,
      "left": 239.45,
      "rotate": 90,
      "attrs": { "value": "220" }
    },
    {
      "type": "wokwi-led",
      "id": "led2",
      "top": -195.6,
      "left": 291.8,
      "attrs": { "color": "yellow" }
    },
    {
      "type": "wokwi-resistor",
      "id": "r2",
      "top": -110.4,
      "left": 287.45,
      "rotate": 90,
      "attrs": { "value": "220" }
    },
    {
      "type": "wokwi-led",
      "id": "led3",
      "top": -195.6,
      "left": 349.4,
      "attrs": { "color": "red" }
    },
    {
      "type": "wokwi-resistor",
      "id": "r3",
      "top": -110.4,
      "left": 354.65,
      "rotate": 90,
      "attrs": { "value": "220" }
    }
  ],
  "connections": [
    [ "led1:C", "uno:GND.1", "black", [ "v0" ] ],
    [ "led3:C", "uno:GND.1", "black", [ "v57.6", "h-114.8", "v0" ] ],
    [ "led2:C", "uno:GND.1", "black", [ "v57.6", "h0.4", "v0", "h-57.6" ] ],
    [ "led1:A", "r1:1", "cyan", [ "v0" ] ],
    [ "r1:2", "uno:10", "cyan", [ "h0" ] ],
    [ "led2:A", "r2:1", "green", [ "v0" ] ],
    [ "r2:2", "uno:9", "green", [ "h0" ] ],
    [ "led3:A", "r3:1", "gold", [ "v0" ] ],
    [ "r3:2", "uno:8", "gold", [ "h0" ] ]
  ],
  "dependencies": {}
}