{
  "version": 1,
  "author": "Anonymous maker",
  "editor": "wokwi",
  "parts": [
    { "type": "board-esp32-devkit-c-v4", "id": "esp", "top": -9.6, "left": 33.64, "attrs": {} },
    { "type": "wokwi-dht22", "id": "dht1", "top": -76.5, "left": -159, "attrs": {} }
  ],
  "connections": [
    [ "esp:TX", "$serialMonitor:RX", "", [] ],
    [ "esp:RX", "$serialMonitor:TX", "", [] ],
    [ "dht1:VCC", "esp:3V3", "red", [ "v28.8", "h76.8", "v-48" ] ],
    [ "dht1:SDA", "esp:27", "green", [ "v76.8", "h0.1" ] ],
    [ "dht1:GND", "esp:GND.1", "black", [ "v105.6" ] ]
  ],
  "dependencies": {}
}